rewards,kl_divergence,policy_loss,total_loss,avg_sequence_length,stability_rewards,diversity_rewards,constraint_rewards
0.7144822239875793,4.7366249782498925e-05,0.8894388997554779,0.8894436359405518,125.0,0.7645854449272156,0.44453786134719847,-0.5447443222999573
0.7307431745529175,0.00046454775845631956,0.988057816028595,0.9881042647361755,125.0,0.7842711663246155,0.4401020157337189,-0.5471580219268799
0.7069434976577759,0.0014111251733265817,0.8392085981369019,0.8393497085571289,125.0,0.7717860603332519,0.4160195171833038,-0.5457046842575073
0.747697958946228,0.0028965012822300194,0.9811496829986572,0.9814393365383148,125.0,0.8024663352966308,0.4361617684364319,-0.5456985664367676
0.7236897134780884,0.0054596565105021,0.9335845375061035,0.93413050532341,125.0,0.7816120624542237,0.4298919868469238,-0.5457367253303528
